dataset,error,uncertainty
solar_flare,0.008066399954259396,0.00125627382658422
solar_flare,0.13540633022785187,0.012977086007595062
solar_flare,0.09756143391132355,0.001179845305159688
solar_flare,0.09663858264684677,0.05863315984606743
solar_flare,0.04281602427363396,0.0011869576992467046
solar_flare,0.19364625215530396,0.12684106826782227
solar_flare,0.20397990942001343,0.005396591499447823
solar_flare,0.018177902325987816,0.0013834793353453279
solar_flare,0.040396761149168015,0.1183929592370987
solar_flare,0.45127707719802856,0.03978085517883301
solar_flare,0.6450847387313843,0.19720995426177979
solar_flare,0.18788771331310272,0.11472948640584946
solar_flare,0.011550439521670341,0.04015464335680008
solar_flare,0.20383897423744202,0.1374502032995224
solar_flare,0.03459044545888901,0.0012491291854530573
solar_flare,0.061538394540548325,0.0008869018638506532
solar_flare,0.08499963581562042,0.014869887381792068
solar_flare,0.515627384185791,0.15275703370571136
solar_flare,0.061839476227760315,0.008158998563885689
solar_flare,2.2987990379333496,0.0048722801730036736
solar_flare,0.15018227696418762,0.007440111134201288
solar_flare,0.9808036684989929,0.35410138964653015
solar_flare,0.07806384563446045,0.14615976810455322
solar_flare,0.0903543084859848,0.002006927039474249
solar_flare,0.01964852772653103,0.1459396779537201
solar_flare,0.6244051456451416,0.008038981817662716
solar_flare,0.015657439827919006,0.00856035202741623
solar_flare,0.06874039769172668,0.001969559583812952
solar_flare,0.09756087511777878,0.0009338628151454031
solar_flare,0.09819501638412476,0.1407928764820099
solar_flare,0.008058593608438969,0.0018828354077413678
solar_flare,0.05231828615069389,0.039849210530519485
solar_flare,0.30498796701431274,0.04336705431342125
solar_flare,0.029342608526349068,0.03459321707487106
solar_flare,0.9024391174316406,0.0009338628151454031
solar_flare,0.1363036036491394,0.0033517158590257168
solar_flare,0.09021589905023575,0.0020094565115869045
solar_flare,0.9023625254631042,0.003783096559345722
solar_flare,0.022005725651979446,0.08029277622699738
solar_flare,2.5159356594085693,0.10548955947160721
solar_flare,2.6338307857513428,0.6646236181259155
solar_flare,1.2352938652038574,0.0009610274573788047
solar_flare,0.008041894994676113,0.003009460400789976
solar_flare,0.01396159641444683,0.028228938579559326
solar_flare,0.015657439827919006,0.00856035202741623
solar_flare,0.0803234651684761,0.028190020471811295
solar_flare,0.007849709130823612,0.03797822818160057
solar_flare,0.18788768351078033,0.11472948640584946
solar_flare,0.09756087511777878,0.0009338628151454031
solar_flare,0.0036899724509567022,0.07654085755348206
solar_flare,0.4652828276157379,0.010252873413264751
solar_flare,0.07114147394895554,0.0020694027189165354
solar_flare,0.06153707578778267,0.0017083610873669386
solar_flare,0.06410883367061615,0.0282073263078928
solar_flare,0.4570122957229614,0.002730193780735135
solar_flare,0.6154170036315918,0.1666005551815033
solar_flare,0.06153131648898125,0.003728305920958519
solar_flare,0.06925012916326523,0.04882548004388809
solar_flare,0.022005727514624596,0.08029277622699738
solar_flare,0.9072434902191162,0.0017370349960401654
solar_flare,0.07354254275560379,0.0021646455861628056
solar_flare,0.4524571895599365,0.04208400472998619
solar_flare,0.0080642094835639,0.0009428365156054497
solar_flare,0.01852063089609146,0.06953717023134232
solar_flare,0.8167402744293213,0.15975221991539001
solar_flare,3.010923385620117,0.15535588562488556
solar_flare,0.9893197417259216,0.11583021283149719
solar_flare,0.008058593608438969,0.0018828354077413678
solar_flare,4.94079065322876,0.0010147843277081847
solar_flare,0.23524022102355957,0.0021217544563114643
solar_flare,2.9189035892486572,0.0017564516747370362
solar_flare,0.15824997425079346,0.029537104070186615
solar_flare,0.06753987073898315,0.0019176894566044211
solar_flare,0.05223926901817322,0.07032967358827591
solar_flare,0.027085481211543083,0.033236827701330185
solar_flare,0.06153131648898125,0.003728305920958519
solar_flare,0.04279671236872673,0.0011762134963646531
solar_flare,0.4657556414604187,0.0022300202399492264
solar_flare,0.02641594223678112,0.0013088674750179052
solar_flare,0.05231828615069389,0.039849210530519485
solar_flare,0.5226242542266846,0.17627336084842682
solar_flare,0.09756087511777878,0.0009338628151454031
solar_flare,0.45885276794433594,0.14680340886116028
solar_flare,0.16597270965576172,0.12886494398117065
solar_flare,4.544672966003418,0.11040201038122177
solar_flare,0.8732861280441284,0.9844567179679871
solar_flare,0.03286274895071983,0.04898699373006821
solar_flare,0.4353730380535126,0.029166966676712036
solar_flare,0.6683439016342163,0.0015613100258633494
solar_flare,0.457627534866333,0.012088801711797714
solar_flare,1.2352938652038574,0.0009610274573788047
solar_flare,0.04279671236872673,0.0011762134963646531
solar_flare,0.0652216449379921,0.028183575719594955
solar_flare,0.0080642094835639,0.0009428365156054497
solar_flare,0.05101607367396355,0.0011210421798750758
solar_flare,0.01945415511727333,0.010448077693581581
solar_flare,0.09756143391132355,0.001179845305159688
solar_flare,0.10775844752788544,0.029377838596701622
solar_flare,0.022005727514624596,0.08029276877641678
solar_flare,0.2040777951478958,0.0013883295468986034
solar_flare,0.10694658011198044,0.08488766103982925
solar_flare,0.06153436750173569,0.0025687727611511946
solar_flare,1.2371509075164795,0.010424548760056496
solar_flare,0.4418220818042755,0.08927322924137115
solar_flare,0.8924106359481812,0.021099574863910675
solar_flare,2.340808868408203,0.020293232053518295
solar_flare,1.1585359573364258,0.012415691278874874
solar_flare,0.7647022008895874,0.0011839641956612468
solar_flare,0.1995278000831604,0.0011114053195342422
solar_flare,1.9228416681289673,0.0023493487387895584
solar_flare,2.843466281890869,0.025214562192559242
solar_flare,0.07653676718473434,0.0016151551390066743
solar_flare,1.7563835382461548,0.1926816999912262
solar_flare,0.0652216374874115,0.028183575719594955
solar_flare,0.008041894994676113,0.003009460400789976
solar_flare,0.00784993078559637,0.011582093313336372
solar_flare,0.05100298300385475,0.0010984684340655804
solar_flare,0.008066399954259396,0.00125627382658422
solar_flare,0.09756143391132355,0.001179845305159688
solar_flare,0.9021382927894592,0.09785527735948563
solar_flare,0.1776714324951172,0.02819851040840149
solar_flare,0.12738940119743347,0.049598414450883865
solar_flare,0.2620617747306824,0.0017155727837234735
solar_flare,0.6252158880233765,0.03768680989742279
solar_flare,0.7012009620666504,0.0048722801730036736
solar_flare,0.0979970172047615,0.012904446572065353
solar_flare,0.9347783327102661,0.028183575719594955
solar_flare,0.056354980915784836,0.03751176968216896
solar_flare,0.02934260666370392,0.03459321707487106
solar_flare,0.10783480852842331,0.029590973630547523
solar_flare,0.9801434278488159,0.039883725345134735
solar_flare,0.030172230675816536,0.028302941471338272
solar_flare,0.06162276864051819,0.00538723636418581
solar_flare,3.485938310623169,0.07290458679199219
solar_flare,0.06892811506986618,0.1104617714881897
solar_flare,1.8889524936676025,0.09751514345407486
solar_flare,0.09756143391132355,0.001179845305159688
solar_flare,0.46279871463775635,0.04973277822136879
solar_flare,0.43211790919303894,0.04060007631778717
solar_flare,0.06153436750173569,0.0025687727611511946
solar_flare,0.0781249925494194,0.0008174844551831484
solar_flare,0.4320414364337921,0.054297372698783875
solar_flare,0.11246564984321594,0.13938605785369873
solar_flare,0.24235160648822784,0.02971307560801506
solar_flare,0.42245063185691833,0.05745074898004532
solar_flare,0.4246377944946289,0.45887452363967896
solar_flare,0.2619597315788269,0.00209934008307755
solar_flare,0.48255398869514465,0.13311585783958435
solar_flare,0.7478863000869751,0.09617458283901215
solar_flare,0.46801307797431946,0.009405910968780518
solar_flare,1.8875786066055298,0.09925208240747452
solar_flare,0.09155542403459549,0.0018768387380987406
solar_flare,0.0743914246559143,0.06302540749311447
solar_flare,1.1565337181091309,0.025214562192559242
solar_flare,0.4416784942150116,0.27462705969810486
solar_flare,0.061538394540548325,0.0008869018638506532
solar_flare,0.17917853593826294,0.002656908007338643
solar_flare,0.1995278000831604,0.0011114053195342422
solar_flare,0.9566223621368408,0.055682238191366196
solar_flare,0.13635389506816864,0.001748160575516522
solar_flare,0.09756087511777878,0.0009338628151454031
solar_flare,0.30836498737335205,0.0020743184722959995
solar_flare,0.0903543010354042,0.0020069272723048925
solar_flare,0.5172412395477295,0.0008940945263020694
solar_flare,0.030930712819099426,0.09334922581911087
solar_flare,0.03896290808916092,0.0265407245606184
solar_flare,0.44551798701286316,0.08214231580495834
solar_flare,0.4899767339229584,0.02150857448577881
solar_flare,0.5475427508354187,0.04208400472998619
solar_flare,1.0987087488174438,0.1521518975496292
solar_flare,1.8284578323364258,0.008047830313444138
solar_flare,0.1776714324951172,0.02819851040840149
solar_flare,0.027085483074188232,0.03323683142662048
solar_flare,0.00806659460067749,0.0017419838113710284
solar_flare,0.022005727514624596,0.08029277622699738
solar_flare,0.19849824905395508,0.1405131220817566
solar_flare,0.0963955968618393,0.11297286301851273
solar_flare,0.09756143391132355,0.001179845305159688
solar_flare,0.1574517786502838,0.10651876777410507
solar_flare,0.03941493108868599,0.048801690340042114
solar_flare,0.9661431312561035,0.037157751619815826
solar_flare,0.0751308798789978,0.09302638471126556
solar_flare,0.07197702676057816,0.0014602497685700655
solar_flare,2.600351095199585,0.004408103879541159
solar_flare,0.45666050910949707,0.0062795644626021385
solar_flare,0.29003915190696716,0.3946813941001892
solar_flare,0.09021591395139694,0.0020094565115869045
solar_flare,0.07182078063488007,0.05637432262301445
solar_flare,0.061538394540548325,0.0008869018638506532
solar_flare,1.1565338373184204,0.025214562192559242
solar_flare,0.0827113538980484,0.028864845633506775
solar_flare,0.3501089811325073,0.13691964745521545
solar_flare,0.023250870406627655,0.012043464928865433
solar_flare,1.923063039779663,0.0016639573732391
solar_flare,0.11152423918247223,0.3371902406215668
solar_flare,0.03941493481397629,0.048801690340042114
solar_flare,0.15446577966213226,0.029292738065123558
solar_flare,0.15796199440956116,0.5914943814277649
solar_flare,0.09515874832868576,0.0014166239416226745
solar_flare,0.010015858337283134,0.0014203519094735384
solar_flare,0.14397543668746948,0.07462792843580246
solar_flare,0.9489970207214355,0.0010984683176502585
solar_flare,0.08723924309015274,0.07480909675359726
solar_flare,0.1995278000831604,0.0011114053195342422
solar_flare,0.08109647035598755,0.0017564515583217144
solar_flare,0.16577062010765076,0.0015393272042274475
solar_flare,0.05231828615069389,0.039849210530519485
solar_flare,0.35485419631004333,0.0015063825994729996
solar_flare,0.8050270676612854,0.0011855359189212322
solar_flare,0.09756143391132355,0.001179845305159688
solar_flare,0.042989373207092285,0.016345730051398277
solar_flare,0.0080642094835639,0.0009428365156054497
solar_flare,0.05231828615069389,0.039849210530519485
solar_flare,0.7398001551628113,0.030137626454234123
abalone,2.2250709533691406,0.03345205634832382
abalone,2.2438058853149414,0.012489920482039452
abalone,0.023598670959472656,0.00679493322968483
abalone,1.6362104415893555,0.00719393789768219
abalone,3.9298572540283203,0.07071149349212646
abalone,1.6912822723388672,0.018301596865057945
abalone,2.3079824447631836,0.00629561860114336
abalone,2.5638418197631836,0.3886644244194031
abalone,0.2862539291381836,0.007173027843236923
abalone,0.5754280090332031,0.012742197141051292
abalone,11.26616096496582,0.0178128220140934
abalone,0.34847354888916016,0.014899730682373047
abalone,3.8877058029174805,0.3720375597476959
abalone,2.2547473907470703,0.012512519024312496
abalone,0.40969181060791016,0.014490790665149689
abalone,5.667508125305176,0.10017164796590805
abalone,0.8121728897094727,0.03135198354721069
abalone,3.875873565673828,0.06814379245042801
abalone,1.04168701171875,0.09394238889217377
abalone,0.26613426208496094,0.26755306124687195
abalone,4.013064384460449,0.05333653837442398
abalone,2.5069093704223633,0.4983116090297699
abalone,1.6217832565307617,0.022084450349211693
abalone,0.11064815521240234,0.01287780236452818
abalone,0.3064746856689453,0.00938946008682251
abalone,0.5898022651672363,0.022720901295542717
abalone,1.6920051574707031,0.006802352610975504
abalone,1.4085807800292969,0.04573414847254753
abalone,1.5166616439819336,0.019583681598305702
abalone,0.3584632873535156,0.24772511422634125
abalone,2.5544395446777344,0.564777135848999
abalone,0.7786016464233398,0.021488649770617485
abalone,0.6511893272399902,0.006519661284983158
abalone,0.0011739730834960938,0.02448730729520321
abalone,0.7070093154907227,0.18677173554897308
abalone,1.128037452697754,0.03614891320466995
abalone,1.651148796081543,0.0045785182155668736
abalone,1.9344000816345215,0.02170461043715477
abalone,3.4044189453125,0.028017565608024597
abalone,0.6509041786193848,0.019293982535600662
abalone,0.5469226837158203,0.1740395724773407
abalone,3.9772844314575195,0.016815342009067535
abalone,7.1263017654418945,0.030678872019052505
abalone,1.3079614639282227,0.0049374643713235855
abalone,0.5211162567138672,0.023071875795722008
abalone,2.2990169525146484,0.12497477233409882
abalone,0.15566158294677734,0.01980806514620781
abalone,0.5436210632324219,0.019487757235765457
abalone,6.207066535949707,0.04863094910979271
abalone,0.8121552467346191,0.3506578505039215
abalone,0.651160717010498,0.004258316941559315
abalone,5.713212966918945,0.1286080926656723
abalone,1.3068552017211914,0.02420310117304325
abalone,0.06306743621826172,0.006285251583904028
abalone,0.34882640838623047,0.005844451487064362
abalone,1.868779182434082,0.04535350576043129
abalone,4.633063316345215,0.012762565165758133
abalone,8.549139022827148,0.0784129798412323
abalone,0.6919794082641602,0.0067984419874846935
abalone,0.9571781158447266,0.035171568393707275
abalone,2.2296485900878906,0.01760411448776722
abalone,0.45026206970214844,0.007319542579352856
abalone,0.2651042938232422,0.026224371045827866
abalone,0.08938264846801758,0.009499713778495789
abalone,2.2194676399230957,0.04963185265660286
abalone,0.46892642974853516,0.022343480959534645
abalone,0.9370012283325195,0.004196373280137777
abalone,1.6510648727416992,0.012385386973619461
abalone,2.3079376220703125,0.005503204185515642
abalone,3.385004997253418,0.009014466777443886
abalone,0.714263916015625,0.038291528820991516
abalone,0.8619604110717773,0.017533736303448677
abalone,0.19452381134033203,0.041894327849149704
abalone,2.172562599182129,0.07159005850553513
abalone,0.13622188568115234,0.019279751926660538
abalone,1.418985366821289,0.03267505392432213
abalone,9.058052062988281,0.08719568699598312
abalone,3.363816261291504,0.006697060540318489
abalone,4.062323570251465,0.021095503121614456
abalone,0.3079795837402344,0.0047978246584534645
abalone,0.9140052795410156,0.018058622255921364
abalone,2.3637819290161133,0.007470813579857349
abalone,0.6361827850341797,0.005460256244987249
abalone,2.975635528564453,0.009032497182488441
abalone,0.34882211685180664,0.0051740617491304874
abalone,0.7709875106811523,0.07585850358009338
abalone,0.6444292068481445,0.014634517952799797
abalone,0.7236385345458984,0.012555799447000027
abalone,8.299444198608398,0.01740044541656971
abalone,1.9867010116577148,0.019135335460305214
abalone,1.4411840438842773,0.0400460921227932
abalone,1.8363914489746094,0.06251998990774155
abalone,0.3638124465942383,0.005402082111686468
abalone,1.1617355346679688,0.5817575454711914
abalone,2.103130340576172,0.008835386484861374
abalone,0.6919822692871094,0.005467856302857399
abalone,0.6512179374694824,0.008956627920269966
abalone,3.6264543533325195,0.016753658652305603
abalone,7.081747055053711,0.05471740663051605
abalone,0.3488616943359375,0.005605444777756929
abalone,0.8619165420532227,0.009652468375861645
abalone,1.4163894653320312,0.05305306240916252
abalone,0.35968780517578125,0.04238418862223625
abalone,1.7277040481567383,0.7198172211647034
abalone,2.8148584365844727,0.02531532384455204
abalone,1.1512365341186523,0.43155795335769653
abalone,0.8067789077758789,0.023338107392191887
abalone,1.9076967239379883,0.02105351909995079
abalone,1.6182003021240234,0.09701956063508987
abalone,3.5733728408813477,0.14153186976909637
abalone,4.757851600646973,0.586948812007904
abalone,1.3079662322998047,0.0045669893734157085
abalone,1.2172517776489258,0.05483151599764824
abalone,0.9802312850952148,0.014771704562008381
abalone,1.370025634765625,0.030474944040179253
abalone,0.06299018859863281,0.0037742883432656527
abalone,0.5799980163574219,0.013071286492049694
abalone,2.691983222961426,0.019698696210980415
abalone,0.01436614990234375,0.054101135581731796
abalone,1.061263084411621,0.0777515098452568
abalone,0.36395835876464844,0.009099597111344337
abalone,0.04404926300048828,0.33825141191482544
abalone,1.7002086639404297,0.02240954525768757
abalone,3.1583251953125,0.019242484122514725
abalone,4.586886405944824,0.014710879884660244
abalone,7.614968299865723,0.011342073790729046
abalone,1.5752763748168945,0.01112364325672388
abalone,1.5362310409545898,0.6825394034385681
abalone,3.148588180541992,0.028618138283491135
abalone,4.104866027832031,0.005309464409947395
abalone,1.0890312194824219,0.03187126666307449
abalone,0.16426467895507812,0.020932486280798912
abalone,0.1898355484008789,0.08137504756450653
abalone,0.06300163269042969,0.004208568949252367
abalone,1.348886489868164,0.006317281164228916
abalone,1.8644065856933594,0.02893362194299698
abalone,0.6361103057861328,0.007867424748837948
abalone,0.6219244003295898,0.04125410318374634
abalone,0.06256246566772461,0.011415837332606316
abalone,1.415034294128418,0.015823515132069588
abalone,0.3482666015625,0.17538323998451233
abalone,1.0045585632324219,0.04235304519534111
abalone,2.932114601135254,0.032262325286865234
abalone,1.3122339248657227,0.054763272404670715
abalone,0.5660982131958008,0.05354858934879303
abalone,2.4492807388305664,0.036284323781728745
abalone,0.6905879974365234,0.018883096054196358
abalone,3.082217216491699,0.08878705650568008
abalone,0.6483192443847656,0.014594518579542637
abalone,2.18035888671875,0.011978981085121632
abalone,0.5732212066650391,0.05125930532813072
abalone,4.881789207458496,0.3103209435939789
abalone,1.4796485900878906,0.015694353729486465
abalone,0.34857177734375,0.06929297745227814
abalone,1.114645004272461,0.116509348154068
abalone,0.5592870712280273,0.012866239063441753
abalone,0.5507497787475586,0.07499665766954422
abalone,2.062530517578125,0.012058514170348644
abalone,0.9249849319458008,0.07542695850133896
abalone,0.280517578125,0.40270107984542847
abalone,1.5091381072998047,0.015443604439496994
abalone,0.651125431060791,0.006063913460820913
abalone,0.13284015655517578,0.022469373419880867
abalone,1.3609018325805664,0.04454708844423294
abalone,0.3174901008605957,0.007324186619371176
abalone,0.9614353179931641,0.027620598673820496
abalone,3.624661445617676,0.03939442336559296
abalone,0.4554872512817383,0.011020592413842678
abalone,2.4637670516967773,0.01250539906322956
abalone,1.3108596801757812,0.01128909271210432
abalone,2.183934211730957,0.039183393120765686
abalone,1.3558530807495117,0.07945294678211212
abalone,2.2489404678344727,0.35082218050956726
abalone,1.1440258026123047,0.09193511307239532
abalone,0.9106745719909668,0.009166701696813107
abalone,3.0806798934936523,0.05316706746816635
abalone,0.2576761245727539,0.03767000883817673
abalone,1.5805950164794922,0.04774874821305275
abalone,0.4382648468017578,0.017313512042164803
abalone,0.31447410583496094,0.06315825879573822
abalone,2.956305503845215,0.14311860501766205
abalone,2.430299758911133,0.046626560389995575
abalone,0.9420003890991211,0.009136343374848366
abalone,1.898777961730957,0.02951267920434475
abalone,0.5899143218994141,0.00803372636437416
abalone,0.4361448287963867,0.07309230417013168
abalone,0.08045768737792969,0.14040103554725647
abalone,0.38080692291259766,0.018676534295082092
abalone,0.3080730438232422,0.0076031144708395
abalone,0.06297540664672852,0.006296656094491482
abalone,0.30780601501464844,0.010389622300863266
abalone,2.115950584411621,0.03424115478992462
abalone,3.327549934387207,0.029434017837047577
abalone,2.5235767364501953,0.09218495339155197
abalone,1.114964485168457,0.04058900102972984
abalone,5.903602600097656,0.06987091153860092
abalone,0.6390352249145508,0.04074007272720337
abalone,1.664011001586914,0.0187919270247221
abalone,0.5496702194213867,0.005641430616378784
abalone,1.636286735534668,0.009619226679205894
abalone,0.40976381301879883,0.015745017677545547
abalone,4.4504499435424805,0.020390061661601067
abalone,1.385432243347168,0.009887565858662128
abalone,0.8232669830322266,0.02822146564722061
abalone,1.4100079536437988,0.011415592394769192
abalone,0.05513763427734375,0.015776043757796288
abalone,0.3893165588378906,0.011032762005925179
abalone,0.6668233871459961,0.060847435146570206
abalone,0.8326835632324219,0.015806423500180244
abalone,0.6194753646850586,0.016965491697192192
abalone,1.593602180480957,0.03281748294830322
abalone,1.3336076736450195,0.015268499962985516
abalone,0.24254512786865234,0.03801078349351883
abalone,0.6514582633972168,0.016497988253831863
abalone,2.5271596908569336,0.026305871084332466
abalone,0.8914890289306641,0.006966808345168829
abalone,0.4113779067993164,0.027461810037493706
abalone,0.5898418426513672,0.00803682766854763
abalone,0.7665491104125977,0.16953201591968536
abalone,2.1048660278320312,0.004078345373272896
abalone,2.1290016174316406,0.01663028635084629
abalone,0.38689613342285156,0.23263654112815857
abalone,0.5497894287109375,0.0071149771101772785
abalone,1.5497627258300781,0.01804388500750065
abalone,0.11626529693603516,0.09904074668884277
abalone,1.3488054275512695,0.007032994646579027
abalone,1.7090396881103516,0.012218642048537731
abalone,0.4504222869873047,0.006700838916003704
abalone,0.49398040771484375,0.009350412525236607
abalone,1.890498161315918,0.016333822160959244
abalone,0.06299495697021484,0.003591431537643075
abalone,2.5570592880249023,0.04729656130075455
abalone,0.6360855102539062,0.009395645931363106
abalone,0.9675922393798828,0.06548018753528595
abalone,0.862332820892334,0.09159406274557114
abalone,0.0627756118774414,0.04278619959950447
abalone,1.1661748886108398,0.022638997063040733
abalone,0.010014057159423828,0.37454691529273987
abalone,2.0225253105163574,0.008100798353552818
abalone,0.5754823684692383,0.01239507645368576
abalone,3.488527297973633,0.05527442321181297
abalone,2.1878185272216797,0.0593767948448658
abalone,0.04859638214111328,0.01956917904317379
abalone,1.9157533645629883,0.36625903844833374
abalone,0.08854484558105469,0.03317714482545853
abalone,0.4091486930847168,0.017359552904963493
abalone,0.3085756301879883,0.01695750467479229
abalone,0.5900893211364746,0.01146058551967144
abalone,1.8334827423095703,0.010596897453069687
abalone,1.5899581909179688,0.006821563001722097
abalone,0.3478217124938965,0.03828955814242363
abalone,1.7629671096801758,0.042789146304130554
abalone,1.969761848449707,0.046464573591947556
abalone,0.25493383407592773,0.009686811827123165
abalone,3.743896484375,0.030219780281186104
abalone,1.5268220901489258,0.31797054409980774
abalone,1.611170768737793,0.029164781793951988
abalone,0.06299638748168945,0.005678135436028242
abalone,0.553166389465332,0.020292524248361588
abalone,3.661029815673828,0.032490022480487823
abalone,7.249195098876953,0.1553916037082672
abalone,4.1203460693359375,0.12189086526632309
abalone,0.16659069061279297,0.010092220269143581
abalone,0.9071292877197266,0.02423490211367607
abalone,2.307903289794922,0.008389881812036037
abalone,0.5939183235168457,0.008231439627707005
abalone,2.005855083465576,0.0050822370685637
abalone,4.194915771484375,0.11274851858615875
abalone,2.0409555435180664,0.025741102173924446
abalone,0.6511893272399902,0.005197795573621988
abalone,0.73150634765625,0.02413487248122692
abalone,2.4104814529418945,0.014783557504415512
abalone,1.5899100303649902,0.007329690270125866
abalone,1.027334213256836,0.009510277770459652
abalone,2.6131725311279297,0.0958978682756424
abalone,7.276949882507324,0.02089320495724678
abalone,0.636195182800293,0.005331419408321381
abalone,0.6608009338378906,0.05454292893409729
abalone,1.6913042068481445,0.023904012516140938
abalone,1.0629935264587402,0.003821422578766942
abalone,2.598043441772461,0.20157483220100403
abalone,0.16634178161621094,0.01810872182250023
abalone,1.5760812759399414,0.020143872126936913
abalone,1.3106184005737305,0.010820656083524227
abalone,0.06277084350585938,0.010007982142269611
abalone,1.6557397842407227,0.008462977595627308
abalone,0.4317140579223633,0.016987614333629608
abalone,0.06302118301391602,0.004677511751651764
abalone,1.731032371520996,0.021385138854384422
abalone,0.6367635726928711,0.019613759592175484
abalone,1.9475717544555664,0.614295482635498
abalone,0.9369583129882812,0.006096333730965853
abalone,2.4942073822021484,0.016565389931201935
abalone,0.25648975372314453,0.01216235663741827
abalone,3.796759605407715,0.011485627852380276
abalone,2.6361656188964844,0.00808790884912014
abalone,0.06299877166748047,0.004601118620485067
abalone,0.11863327026367188,0.13720892369747162
abalone,0.5899443626403809,0.006738973315805197
abalone,0.37131786346435547,0.02368413284420967
abalone,0.27393627166748047,0.04691731557250023
abalone,0.29727935791015625,0.02098584920167923
abalone,0.34874963760375977,0.009896896779537201
abalone,0.6536617279052734,0.07314698398113251
abalone,2.1065006256103516,0.023896140977740288
abalone,0.05961894989013672,0.12216944992542267
abalone,5.642107009887695,0.011745174415409565
abalone,10.189850807189941,0.6525992155075073
abalone,0.5937848091125488,0.01147837657481432
abalone,0.0058498382568359375,0.006519983056932688
abalone,1.3108139038085938,0.012049075216054916
abalone,1.5894050598144531,0.014542214572429657
abalone,0.5586433410644531,0.008926335722208023
abalone,4.364259719848633,0.035754427313804626
abalone,1.1370353698730469,0.014523408375680447
abalone,0.006298065185546875,0.0168652031570673
abalone,0.06672143936157227,0.045494236052036285
abalone,7.74662971496582,0.1369377225637436
abalone,0.7548027038574219,0.013737001456320286
abalone,0.30760669708251953,0.010949140414595604
abalone,0.21433544158935547,0.07811091840267181
abalone,2.114452362060547,0.0388186052441597
abalone,0.4101114273071289,0.011480406858026981
abalone,1.9726228713989258,0.5503653883934021
abalone,3.091416358947754,0.022837098687887192
abalone,0.6511635780334473,0.005352971609681845
abalone,0.2769031524658203,0.035315562039613724
abalone,2.593268394470215,0.1842922419309616
abalone,3.2985076904296875,0.008121585473418236
abalone,1.6102828979492188,0.008002901449799538
abalone,0.9445409774780273,0.04014241695404053
abalone,5.910131454467773,0.1009579673409462
abalone,0.34881019592285156,0.005798517260700464
abalone,1.7332181930541992,0.05026198923587799
abalone,3.887558937072754,0.02995859459042549
abalone,1.5316801071166992,0.01745578646659851
abalone,0.9342613220214844,0.12002411484718323
abalone,0.44959545135498047,0.009584823623299599
abalone,1.9400463104248047,0.02307960018515587
abalone,0.6884517669677734,0.03196437284350395
abalone,0.6275568008422852,0.012638136744499207
abalone,1.2324981689453125,0.02038097009062767
abalone,3.1249876022338867,0.07113438099622726
abalone,2.223337173461914,0.48111146688461304
abalone,0.8334207534790039,0.023279277607798576
abalone,3.051375389099121,0.028099961578845978
abalone,0.4500131607055664,0.03197142481803894
abalone,0.8264617919921875,0.014174530282616615
abalone,0.29277515411376953,0.06322291493415833
abalone,0.9799556732177734,0.022178035229444504
abalone,3.867753028869629,0.01601325534284115
abalone,0.6907186508178711,0.017984675243496895
abalone,1.307535171508789,0.039350107312202454
abalone,0.3828926086425781,0.02246611937880516
abalone,0.2523794174194336,0.16843281686306
abalone,1.936713695526123,0.008747599087655544
abalone,0.5505123138427734,0.10349971055984497
abalone,0.6516294479370117,0.016978591680526733
abalone,1.9367108345031738,0.008697902783751488
abalone,1.6610164642333984,0.011588373221457005
abalone,2.6755666732788086,0.025273863226175308
abalone,3.174494743347168,0.0939841940999031
abalone,2.530963897705078,0.23262101411819458
abalone,1.5900201797485352,0.005625265650451183
abalone,4.26283073425293,0.0405915193259716
abalone,0.4099602699279785,0.009232083335518837
abalone,1.636204719543457,0.005750592797994614
abalone,2.095001220703125,0.48850956559181213
abalone,2.1137876510620117,0.014297877438366413
abalone,1.3488640785217285,0.0053831422701478004
abalone,0.9764127731323242,0.009342183358967304
abalone,0.3915538787841797,0.05239172279834747
abalone,1.4100103378295898,0.00527687044814229
abalone,0.6512289047241211,0.013556120917201042
abalone,2.485610008239746,0.007152992766350508
abalone,2.976008415222168,0.008943411521613598
abalone,5.409769535064697,0.011265188455581665
abalone,2.8266983032226562,0.04651617258787155
abalone,2.2287521362304688,0.007601584307849407
abalone,2.240957260131836,0.034312423318624496
abalone,0.5432052612304688,0.08771146833896637
abalone,0.6134510040283203,0.14341165125370026
abalone,2.3078927993774414,0.008441433310508728
abalone,1.5991449356079102,0.08459456264972687
abalone,0.37139320373535156,0.01900193654000759
abalone,0.0632634162902832,0.014953436329960823
abalone,3.703662872314453,0.01856362633407116
abalone,0.2629661560058594,0.045310720801353455
abalone,0.4067249298095703,0.037393830716609955
abalone,0.5900835990905762,0.012254184111952782
abalone,0.9381389617919922,0.015787865966558456
abalone,3.105625629425049,0.9577757716178894
abalone,2.0118637084960938,0.022623330354690552
abalone,3.5096120834350586,0.41712671518325806
abalone,2.1814661026000977,0.014786464162170887
abalone,2.8127050399780273,0.030666183680295944
abalone,0.29312992095947266,0.027894264087080956
abalone,1.5512542724609375,0.014807400293648243
abalone,11.623401641845703,0.022077854722738266
abalone,0.30800437927246094,0.011174672283232212
abalone,0.3633546829223633,0.015168046578764915
abalone,0.6115713119506836,0.07746810466051102
abalone,3.1804208755493164,0.02080967091023922
abalone,0.780059814453125,0.025192124769091606
abalone,0.5586576461791992,0.010209167376160622
abalone,2.394497871398926,0.023252807557582855
abalone,0.6742410659790039,0.5491175651550293
abalone,0.40146827697753906,0.023370200768113136
abalone,1.636683464050293,0.015812093392014503
abalone,4.372159957885742,0.016497651115059853
abalone,0.4504108428955078,0.010602390393614769
abalone,1.9365577697753906,0.021704182028770447
abalone,0.2995438575744629,0.26669734716415405
abalone,1.8695058822631836,0.048951320350170135
abalone,1.6361818313598633,0.007677549961954355
abalone,1.0628299713134766,0.021275613456964493
abalone,0.9369792938232422,0.0056147947907447815
abalone,3.311155319213867,0.013310312293469906
abalone,0.636195182800293,0.007441118825227022
abalone,1.160944938659668,0.0173410065472126
abalone,1.499155044555664,0.035835906863212585
abalone,2.2928152084350586,0.024293173104524612
abalone,0.7488803863525391,0.20952892303466797
abalone,0.8037328720092773,0.022005343809723854
abalone,1.1909046173095703,0.019254613667726517
abalone,1.9718217849731445,0.11750520765781403
abalone,5.3766632080078125,0.06602013111114502
abalone,0.028577804565429688,0.29882749915122986
abalone,0.5791988372802734,0.17038360238075256
abalone,0.31078052520751953,0.006990745197981596
abalone,2.564732551574707,0.04405561834573746
abalone,2.8772315979003906,0.05461985617876053
abalone,0.2967796325683594,0.11579259485006332
abalone,1.5480375289916992,0.0390569232404232
abalone,2.54958438873291,0.004114389419555664
abalone,1.307215690612793,0.02461913786828518
abalone,4.363508224487305,0.01333160325884819
abalone,2.0620131492614746,0.01895647868514061
abalone,1.5320930480957031,0.08760485798120499
abalone,0.37303638458251953,0.025362007319927216
abalone,2.062533378601074,0.012516059912741184
abalone,8.305237770080566,0.01760587841272354
abalone,0.21222305297851562,0.16317154467105865
abalone,1.027256965637207,0.1607816070318222
abalone,2.4782609939575195,0.013516402803361416
abalone,1.1657590866088867,0.009605062194168568
abalone,0.6917257308959961,0.0210675448179245
abalone,1.6361417770385742,0.005128616001456976
abalone,2.421316146850586,0.01323672290891409
abalone,0.7274894714355469,0.089518703520298
abalone,0.8262033462524414,0.0636381134390831
abalone,2.679353713989258,0.9668222069740295
abalone,1.348827838897705,0.011017250828444958
abalone,1.8377776145935059,0.2767810821533203
abalone,3.0073280334472656,0.10512992739677429
abalone,1.5619487762451172,0.017037343233823776
abalone,2.4099926948547363,0.004721566569060087
abalone,2.229763984680176,0.015592250972986221
abalone,0.42615509033203125,0.0959717258810997
abalone,0.06723213195800781,0.008349316194653511
abalone,1.1774625778198242,0.011373280547559261
abalone,1.6919012069702148,0.06391739100217819
abalone,1.138585090637207,0.03510183468461037
abalone,0.5589714050292969,0.010209054686129093
abalone,0.07959794998168945,0.03278456628322601
abalone,1.536801815032959,0.007555121090263128
abalone,2.409714698791504,0.009763695299625397
abalone,1.6553888320922852,0.014827359467744827
abalone,1.4098663330078125,0.01753142662346363
abalone,1.2594728469848633,0.014882683753967285
abalone,0.3082113265991211,0.008598876185715199
abalone,2.549677848815918,0.00866610836237669
abalone,0.4103665351867676,0.017965925857424736
abalone,2.6388931274414062,0.03247316926717758
abalone,1.627882957458496,0.01308570709079504
abalone,0.5899014472961426,0.012260527350008488
abalone,1.8930244445800781,0.015181561931967735
abalone,0.9955558776855469,0.08381658792495728
abalone,2.156081199645996,0.5045843720436096
abalone,0.7327556610107422,0.1237182468175888
abalone,2.8242416381835938,0.10012172162532806
abalone,3.4522228240966797,0.08560303598642349
abalone,1.1534318923950195,0.1910586804151535
abalone,7.890012741088867,0.013225924223661423
abalone,1.6286840438842773,0.014071250334382057
abalone,0.45300865173339844,0.38592931628227234
abalone,0.21663856506347656,0.0207892544567585
abalone,0.6361827850341797,0.008693969808518887
abalone,0.1884450912475586,0.1148691475391388
abalone,0.3488650321960449,0.007328997366130352
abalone,1.3638334274291992,0.008892210200428963
abalone,0.9139976501464844,0.17351117730140686
abalone,0.0892333984375,0.010060124099254608
abalone,0.5897865295410156,0.00878487154841423
abalone,1.5901880264282227,0.007992391474545002
abalone,2.0567102432250977,0.05351783707737923
abalone,1.4504976272583008,0.005217869766056538
abalone,1.5686159133911133,0.02053121291100979
abalone,2.02376651763916,0.3499957025051117
abalone,0.719853401184082,0.02297663874924183
abalone,4.409968852996826,0.013897416181862354
abalone,3.363572120666504,0.014882441610097885
abalone,0.936981201171875,0.004551329649984837
abalone,2.6920108795166016,0.009129490703344345
abalone,1.2609186172485352,0.1458698809146881
abalone,0.24050283432006836,0.2773246765136719
abalone,0.6511988639831543,0.008159675635397434
abalone,2.3109283447265625,0.007710613310337067
abalone,1.6524991989135742,0.0188617967069149
abalone,1.461573600769043,0.020568422973155975
abalone,0.20088958740234375,0.11419973522424698
abalone,0.8604907989501953,0.043694570660591125
abalone,1.3989810943603516,0.011571824550628662
abalone,0.6919155120849609,0.012004019692540169
abalone,2.9535112380981445,0.4074385464191437
abalone,1.3742246627807617,0.011109563522040844
abalone,0.936988353729248,0.004578317049890757
abalone,0.35157108306884766,0.09575080126523972
abalone,0.5567531585693359,0.05386544018983841
abalone,5.254799842834473,0.026185456663370132
abalone,0.019079208374023438,0.02817106433212757
abalone,2.409836769104004,0.00955264177173376
abalone,1.8754491806030273,0.2199268937110901
abalone,0.7293281555175781,0.27163177728652954
abalone,1.2721352577209473,1.1152034997940063
abalone,1.8387665748596191,0.010293634608387947
abalone,4.16536808013916,0.020359016954898834
abalone,1.5495176315307617,0.005638916976749897
abalone,5.175854682922363,0.02271568961441517
abalone,2.6158008575439453,0.28521209955215454
abalone,0.5843095779418945,0.012100577354431152
abalone,0.9838895797729492,0.010848705656826496
abalone,0.9369473457336426,0.005316350609064102
abalone,3.2232933044433594,0.039135437458753586
abalone,0.5888900756835938,0.19392043352127075
abalone,0.7542524337768555,0.007155291270464659
abalone,2.3906431198120117,0.0792640671133995
abalone,0.04160308837890625,0.011453386396169662
abalone,0.4835014343261719,0.25392308831214905
abalone,0.7173452377319336,0.14436949789524078
abalone,0.5897178649902344,0.013339546509087086
abalone,0.9369564056396484,0.010060247033834457
abalone,1.564920425415039,0.014648724347352982
abalone,0.6896581649780273,0.022288933396339417
abalone,1.062978744506836,0.004940615501254797
abalone,1.7558574676513672,0.011014282703399658
abalone,0.8473434448242188,0.12819436192512512
abalone,3.061661720275879,0.08866579085588455
abalone,0.5699949264526367,0.07927734404802322
abalone,1.1226415634155273,0.03939621150493622
abalone,1.713714599609375,0.011878217570483685
abalone,0.30709362030029297,0.019815176725387573
abalone,1.9765558242797852,0.006070734933018684
abalone,0.13923931121826172,0.01692623645067215
abalone,0.4096226692199707,0.018369538709521294
abalone,1.057878017425537,0.011062342673540115
abalone,1.6111106872558594,0.04146185144782066
abalone,0.34884214401245117,0.006348315626382828
abalone,0.1663837432861328,0.010742640122771263
abalone,5.613045692443848,0.496927946805954
abalone,1.028280258178711,0.009109608829021454
abalone,3.177678108215332,0.19404326379299164
abalone,1.6639976501464844,0.022348972037434578
abalone,0.9924211502075195,0.010365682654082775
abalone,0.0044956207275390625,0.009364057332277298
abalone,3.565890312194824,0.12179866433143616
abalone,3.706049919128418,0.011255444027483463
abalone,0.9870090484619141,0.04271020367741585
abalone,0.3489093780517578,0.008090505376458168
abalone,0.9263601303100586,0.022238165140151978
abalone,0.0069942474365234375,0.059693239629268646
abalone,0.40998363494873047,0.0067788115702569485
abalone,4.291922569274902,0.13586819171905518
abalone,0.1666707992553711,0.004618851002305746
abalone,0.6920175552368164,0.004699405282735825
abalone,2.031477928161621,0.022824982181191444
abalone,2.348832130432129,0.006381676532328129
abalone,7.578031539916992,0.005201279651373625
abalone,0.6524257659912109,0.029251055791974068
abalone,0.3488163948059082,0.005386583041399717
abalone,1.9372644424438477,0.012199020944535732
abalone,0.5900030136108398,0.006440677680075169
abalone,0.13499736785888672,0.025936083868145943
abalone,2.317535877227783,0.005310670472681522
abalone,5.449121475219727,0.015254751779139042
abalone,7.020286560058594,0.2437533438205719
abalone,0.24544811248779297,0.5146975517272949
abalone,0.6361217498779297,0.010887275449931622
abalone,0.31317138671875,0.251383900642395
abalone,0.09285831451416016,0.054401274770498276
abalone,0.5097074508666992,0.039284609258174896
abalone,0.8030071258544922,0.034040920436382294
abalone,1.0632944107055664,0.02696729078888893
abalone,0.09814262390136719,0.013282917439937592
abalone,0.0030584335327148438,0.03683105483651161
abalone,2.2310705184936523,0.12599073350429535
abalone,0.34882116317749023,0.005654598586261272
abalone,2.405917167663574,0.01747448742389679
abalone,1.841172218322754,0.02344197779893875
abalone,1.3757829666137695,0.07865344732999802
abalone,0.9493880271911621,0.48095157742500305
abalone,3.010000228881836,0.04338455945253372
abalone,1.0642995834350586,0.024557514116168022
abalone,9.98321533203125,0.19276657700538635
abalone,2.2988882064819336,0.12506020069122314
abalone,0.929718017578125,0.4293574392795563
abalone,1.4466094970703125,0.020262842997908592
abalone,0.6511468887329102,0.004617522936314344
abalone,0.6647415161132812,0.09095504879951477
abalone,4.0591840744018555,0.02546262927353382
abalone,0.4100813865661621,0.009745398536324501
abalone,4.1918792724609375,0.01634267531335354
abalone,0.9369668960571289,0.005197800230234861
abalone,1.190561294555664,0.24510110914707184
abalone,0.6918916702270508,0.007815548218786716
abalone,2.6149158477783203,0.015209619887173176
abalone,0.15217018127441406,0.0205499529838562
abalone,2.3075523376464844,0.10169259458780289
abalone,0.34882354736328125,0.0054005892015993595
abalone,0.07407665252685547,0.03161933645606041
abalone,3.4463911056518555,0.07203212380409241
abalone,0.5899324417114258,0.007446058560162783
abalone,2.736231803894043,0.024524634703993797
abalone,1.5896024703979492,0.013375398702919483
abalone,1.4106121063232422,0.02537177875638008
abalone,0.033832550048828125,0.017985684797167778
abalone,4.362775802612305,0.025798337534070015
abalone,1.5495901107788086,0.006206924095749855
abalone,2.662550926208496,0.3141879737377167
abalone,0.636256217956543,0.011148315854370594
abalone,0.44705963134765625,0.4519309103488922
abalone,0.8301620483398438,0.0269726924598217
abalone,1.052098274230957,0.15574254095554352
abalone,0.21355819702148438,0.1434454619884491
abalone,3.4041929244995117,0.057762473821640015
abalone,0.2551546096801758,0.1045837551355362
abalone,1.3079595565795898,0.0054923840798437595
abalone,2.444171905517578,0.03188859671354294
abalone,0.49848461151123047,0.2677367925643921
abalone,1.1667633056640625,0.012921074405312538
abalone,0.02968597412109375,0.04889986664056778
abalone,0.13017511367797852,0.037042874842882156
abalone,0.9370183944702148,0.008147026412189007
abalone,2.585808753967285,0.011606510728597641
abalone,1.3859071731567383,0.019454767927527428
abalone,1.3078584671020508,0.009362596087157726
abalone,3.104792594909668,0.007882952690124512
abalone,0.06471920013427734,0.17756853997707367
abalone,1.681593894958496,0.5937212705612183
abalone,1.565690040588379,0.040500570088624954
abalone,0.363372802734375,0.02787753939628601
abalone,0.5892848968505859,0.017408810555934906
abalone,1.0629844665527344,0.006742843892425299
abalone,2.9502458572387695,0.1288280189037323
abalone,0.9873237609863281,0.07938924431800842
abalone,2.5931129455566406,0.15227527916431427
abalone,1.650768756866455,0.014324788935482502
abalone,0.6516718864440918,0.018405653536319733
abalone,1.9103364944458008,0.03080459125339985
abalone,3.494260787963867,0.016270523890852928
abalone,1.4039907455444336,0.029079679399728775
abalone,6.047712326049805,0.06416294723749161
abalone,0.835484504699707,0.06335880607366562
abalone,2.0235214233398438,0.005534231662750244
abalone,0.3083982467651367,0.01928977482020855
abalone,0.1931133270263672,0.12928764522075653
abalone,0.2551612854003906,0.09462715685367584
abalone,3.409897804260254,0.00694284588098526
abalone,0.063140869140625,0.013946990482509136
abalone,8.841104507446289,0.3117361068725586
abalone,0.5899968147277832,0.004128448665142059
abalone,4.081582069396973,0.007672523148357868
abalone,9.765925407409668,0.017678946256637573
abalone,1.7467899322509766,0.010932203382253647
abalone,0.2877655029296875,0.025114739313721657
abalone,1.257577896118164,0.041598107665777206
abalone,0.2135477066040039,0.027383631095290184
abalone,0.7358236312866211,0.02219553105533123
abalone,0.5416650772094727,0.2757258415222168
abalone,1.3361787796020508,0.047866132110357285
abalone,1.6294660568237305,0.03680024668574333
abalone,0.4657716751098633,0.21055257320404053
abalone,0.5655522346496582,0.01405740063637495
abalone,1.2446403503417969,0.016747036948800087
abalone,0.546112060546875,0.09553752094507217
abalone,0.985316276550293,0.017717892304062843
abalone,6.875531196594238,0.03905578330159187
abalone,0.3125324249267578,0.1054103672504425
abalone,3.3684301376342773,0.02221633493900299
abalone,2.472836971282959,0.01823357306420803
abalone,0.21461868286132812,0.03656354174017906
abalone,0.3637838363647461,0.008454185910522938
abalone,3.056057929992676,0.028625499457120895
abalone,1.636148452758789,0.006175657734274864
abalone,1.1499595642089844,0.02622159756720066
abalone,4.410598278045654,0.026423001661896706
abalone,0.9537506103515625,0.06000787764787674
abalone,3.9132251739501953,0.011908730491995811
abalone,4.142734527587891,0.027508225291967392
abalone,2.540487289428711,0.014801712706685066
abalone,0.9936323165893555,0.020847121253609657
abalone,0.9481277465820312,0.017905306071043015
abalone,1.0220870971679688,0.01254231296479702
abalone,0.6240720748901367,0.04027051106095314
abalone,0.4519968032836914,0.15819703042507172
abalone,2.214907646179199,0.05088818818330765
abalone,0.6511745452880859,0.006124706938862801
abalone,0.4099917411804199,0.005252792499959469
abalone,0.3101844787597656,0.02498413622379303
abalone,0.06299829483032227,0.005119308363646269
abalone,2.485569953918457,0.009012634865939617
abalone,0.09435272216796875,0.37496259808540344
abalone,1.3080167770385742,0.0068185110576450825
abalone,2.240161895751953,1.2364360094070435
abalone,0.5495443344116211,0.030726823955774307
abalone,0.6302804946899414,0.045528311282396317
abalone,1.8189201354980469,0.1362357884645462
abalone,0.7920618057250977,0.274267315864563
abalone,1.3890056610107422,0.07469181716442108
abalone,1.250016212463379,0.02339942567050457
abalone,1.4180707931518555,0.02847241424024105
abalone,2.1184844970703125,0.01251805666834116
abalone,0.27608299255371094,0.009250805713236332
abalone,1.229684829711914,0.03484489396214485
abalone,1.9802618026733398,0.009196601808071136
abalone,2.031953811645508,0.046461522579193115
abalone,3.549602508544922,0.0049500674940645695
abalone,3.2656116485595703,0.04781036823987961
abalone,0.3488297462463379,0.007113703992217779
abalone,0.34883832931518555,0.004206510726362467
abalone,0.8805046081542969,0.09992513060569763
abalone,0.4100370407104492,0.008325493894517422
abalone,2.949216842651367,0.015314562246203423
abalone,0.15656566619873047,0.06712981313467026
abalone,2.7568359375,0.010268189013004303
abalone,1.062993049621582,0.004057905171066523
abalone,0.18335819244384766,0.06539669632911682
abalone,6.246829986572266,0.018215132877230644
abalone,0.5120553970336914,0.010395499877631664
abalone,1.6511764526367188,0.00497757364064455
abalone,1.0352258682250977,0.028391268104314804
abalone,1.6937170028686523,0.07234907150268555
abalone,0.6511592864990234,0.005330255255103111
abalone,2.611992835998535,0.034237153828144073
abalone,1.3317995071411133,0.020464932546019554
abalone,2.3014678955078125,0.11900255084037781
abalone,0.6511263847351074,0.006273869425058365
abalone,1.1540050506591797,0.1712636798620224
abalone,2.6180591583251953,0.024476125836372375
abalone,4.1048078536987305,0.0042890943586826324
abalone,0.6511502265930176,0.00431396346539259
abalone,1.6361608505249023,0.005319669377058744
abalone,2.462397575378418,0.11540831625461578
abalone,4.599057197570801,0.12360578775405884
abalone,0.36309242248535156,0.019063055515289307
abalone,1.3103933334350586,0.012277745641767979
abalone,0.3630695343017578,0.03666756674647331
abalone,0.5900092124938965,0.0048377010971307755
abalone,0.7303667068481445,0.06901416182518005
abalone,0.4678068161010742,0.6650325655937195
abalone,1.3081073760986328,0.01953115314245224
abalone,0.5359315872192383,0.035423338413238525
abalone,2.4851160049438477,0.17894484102725983
abalone,0.9861373901367188,0.013126679696142673
abalone,7.412592887878418,0.01635994203388691
abalone,1.2534770965576172,0.09651457518339157
abalone,0.3080291748046875,0.008538128808140755
abalone,1.3623685836791992,0.02687704749405384
abalone,0.30267333984375,0.13643470406532288
abalone,1.5900039672851562,0.005967697128653526
abalone,0.07460594177246094,0.01794484443962574
abalone,2.3119029998779297,0.04702240228652954
abalone,1.8898487091064453,0.0193868950009346
abalone,0.4099912643432617,0.0048733907751739025
abalone,0.9180021286010742,0.015252062119543552
abalone,2.734724998474121,0.011896006762981415
abalone,0.06300115585327148,0.003862944431602955
abalone,0.9597663879394531,0.016099287196993828
abalone,0.42838478088378906,0.2540283799171448
abalone,1.4003372192382812,0.028144460171461105
abalone,1.9901256561279297,0.03290066868066788
abalone,1.5883731842041016,0.0179646834731102
abalone,0.9269227981567383,0.02019628696143627
abalone,0.7660369873046875,0.030840938910841942
abalone,3.3350629806518555,0.014165797270834446
abalone,3.549295425415039,0.007672074716538191
abalone,3.5777883529663086,0.008396917954087257
abalone,2.1649112701416016,0.732231080532074
abalone,0.6512017250061035,0.013217105530202389
abalone,1.4035587310791016,0.05920257419347763
abalone,0.935941219329834,0.014588278718292713
abalone,1.6511220932006836,0.006518661510199308
abalone,2.55062198638916,0.010784989222884178
abalone,0.7329139709472656,0.03976935148239136
abalone,0.5524587631225586,0.044613197445869446
abalone,0.5494728088378906,0.00683235889300704
abalone,2.614254951477051,0.01064098160713911
abalone,1.4489011764526367,0.012728078290820122
abalone,0.8068437576293945,0.013909975066781044
abalone,0.06309270858764648,0.006013498641550541
abalone,1.5495452880859375,0.005305146798491478
abalone,0.651151180267334,0.004498731344938278
abalone,2.590155601501465,0.011154405772686005
abalone,1.3079643249511719,0.0072783613577485085
abalone,2.0729875564575195,0.043616704642772675
abalone,0.9369988441467285,0.003793870098888874
abalone,0.3079833984375,0.0033624458592385054
abalone,2.0081682205200195,0.016002537682652473
abalone,4.16853666305542,0.7035858631134033
abalone,0.4170656204223633,0.19099493324756622
abalone,0.3168601989746094,0.12226656079292297
abalone,0.3898658752441406,0.04614406079053879
abalone,2.2945823669433594,0.06835439801216125
abalone,1.6510415077209473,0.009690791368484497
abalone,6.360029220581055,0.06268519908189774
abalone,0.554255485534668,0.03727466240525246
abalone,0.32431602478027344,0.10028009116649628
abalone,7.363840103149414,0.006452258676290512
abalone,0.5900168418884277,0.006432437337934971
abalone,0.4099917411804199,0.004750244319438934
abalone,0.22296142578125,0.014704241417348385
abalone,0.3108186721801758,0.0065183197148144245
abalone,3.5494260787963867,0.005940661299973726
abalone,0.6911563873291016,0.027459144592285156
abalone,5.2089409828186035,0.036108002066612244
abalone,1.6511611938476562,0.003543650731444359
abalone,0.06350946426391602,0.019415298476815224
abalone,0.6511616706848145,0.003344580065459013
abalone,0.6917095184326172,0.1084786057472229
abalone,6.086639404296875,0.016880199313163757
abalone,4.891251564025879,0.010892211459577084
abalone,0.4178333282470703,0.24314162135124207
abalone,2.6767005920410156,0.02142174541950226
abalone,0.6920280456542969,0.006823429372161627
abalone,0.3825101852416992,0.08361884951591492
abalone,0.3488039970397949,0.00629572244361043
concrete_compressive_strength,10.111427307128906,0.03804914653301239
concrete_compressive_strength,6.7421722412109375,0.06539078801870346
concrete_compressive_strength,20.533512115478516,0.03519821539521217
concrete_compressive_strength,23.312496185302734,0.13732300698757172
concrete_compressive_strength,16.799179077148438,0.45596012473106384
concrete_compressive_strength,6.5673980712890625,0.04549926891922951
concrete_compressive_strength,5.808603286743164,0.2944081127643585
concrete_compressive_strength,6.706516265869141,0.4178420901298523
concrete_compressive_strength,7.249906539916992,0.06486692279577255
concrete_compressive_strength,5.630817413330078,1.244545340538025
concrete_compressive_strength,7.233148574829102,1.8199357986450195
concrete_compressive_strength,2.779033660888672,1.5901728868484497
concrete_compressive_strength,15.420536041259766,1.200821876525879
concrete_compressive_strength,3.3454246520996094,0.42247653007507324
concrete_compressive_strength,0.969207763671875,0.09783655405044556
concrete_compressive_strength,7.8513946533203125,0.12911340594291687
concrete_compressive_strength,8.073461532592773,0.02874842844903469
concrete_compressive_strength,0.8180732727050781,0.30031663179397583
concrete_compressive_strength,5.189882278442383,0.04045320674777031
concrete_compressive_strength,2.251598358154297,0.05498003587126732
concrete_compressive_strength,5.061378479003906,0.2457776814699173
concrete_compressive_strength,10.469440460205078,0.613694965839386
concrete_compressive_strength,10.577045440673828,1.2291690111160278
concrete_compressive_strength,12.375749588012695,0.2691066563129425
concrete_compressive_strength,2.936321258544922,0.04704248905181885
concrete_compressive_strength,4.8615570068359375,0.04128045216202736
concrete_compressive_strength,8.311003684997559,0.10674232989549637
concrete_compressive_strength,12.857070922851562,0.0618157759308815
concrete_compressive_strength,2.9620933532714844,0.12410318106412888
concrete_compressive_strength,9.07435417175293,0.02566063031554222
concrete_compressive_strength,11.04080581665039,2.068901538848877
concrete_compressive_strength,4.712459564208984,1.1628594398498535
concrete_compressive_strength,1.8334999084472656,0.8092389106750488
concrete_compressive_strength,12.685733795166016,0.6239609718322754
concrete_compressive_strength,18.18560791015625,0.08274499326944351
concrete_compressive_strength,1.030111312866211,0.04192148149013519
concrete_compressive_strength,3.4458045959472656,0.05666622519493103
concrete_compressive_strength,11.018817901611328,0.0984560176730156
concrete_compressive_strength,2.4717941284179688,0.03465534374117851
concrete_compressive_strength,14.828712463378906,1.1965430974960327
concrete_compressive_strength,0.2843294143676758,0.7919660210609436
concrete_compressive_strength,9.847341537475586,0.05035612732172012
concrete_compressive_strength,11.782049179077148,0.04018450155854225
concrete_compressive_strength,9.306365966796875,0.07729189097881317
concrete_compressive_strength,5.974966049194336,1.0258152484893799
concrete_compressive_strength,1.1819496154785156,0.020615311339497566
concrete_compressive_strength,12.617992401123047,0.5114414691925049
concrete_compressive_strength,6.462318420410156,0.24279500544071198
concrete_compressive_strength,0.07863616943359375,0.3792550265789032
concrete_compressive_strength,11.385431289672852,0.24311047792434692
concrete_compressive_strength,1.1295623779296875,0.4524208903312683
concrete_compressive_strength,21.774545669555664,1.0250561237335205
concrete_compressive_strength,2.4772472381591797,0.6446159482002258
concrete_compressive_strength,20.320751190185547,0.19907627999782562
concrete_compressive_strength,35.673065185546875,2.2782185077667236
concrete_compressive_strength,21.923568725585938,0.11856963485479355
concrete_compressive_strength,3.793304443359375,0.07401593774557114
concrete_compressive_strength,6.341498374938965,0.6799241304397583
concrete_compressive_strength,1.0571708679199219,0.06641671806573868
concrete_compressive_strength,4.012783050537109,0.6499605774879456
concrete_compressive_strength,11.362560272216797,0.09152457863092422
concrete_compressive_strength,8.144866943359375,0.39045998454093933
concrete_compressive_strength,7.798288345336914,1.0981855392456055
concrete_compressive_strength,6.977176666259766,0.08482247591018677
concrete_compressive_strength,13.882970809936523,0.13114088773727417
concrete_compressive_strength,6.863115310668945,0.48658597469329834
concrete_compressive_strength,3.542482376098633,0.22176459431648254
concrete_compressive_strength,7.761918067932129,0.9108145833015442
concrete_compressive_strength,1.7840385437011719,0.23516781628131866
concrete_compressive_strength,0.0140228271484375,0.6035735011100769
concrete_compressive_strength,6.2359819412231445,0.17831477522850037
concrete_compressive_strength,7.343082427978516,0.10803236067295074
concrete_compressive_strength,6.744258880615234,0.8599439859390259
concrete_compressive_strength,9.75992202758789,2.0100038051605225
concrete_compressive_strength,9.54194450378418,0.059679582715034485
concrete_compressive_strength,16.6171932220459,2.170664072036743
concrete_compressive_strength,12.46304702758789,0.03561574965715408
concrete_compressive_strength,8.296947479248047,0.14296510815620422
concrete_compressive_strength,6.667243957519531,1.018507719039917
concrete_compressive_strength,1.3769140243530273,0.7268178462982178
concrete_compressive_strength,12.479362487792969,2.150071620941162
concrete_compressive_strength,14.192363739013672,0.10318152606487274
concrete_compressive_strength,6.707164764404297,1.9511641263961792
concrete_compressive_strength,13.408798217773438,0.12244660407304764
concrete_compressive_strength,1.7404441833496094,0.041368890553712845
concrete_compressive_strength,24.18747329711914,0.12642420828342438
concrete_compressive_strength,8.394611358642578,0.0899217426776886
concrete_compressive_strength,1.7341423034667969,0.015429476276040077
concrete_compressive_strength,5.736875534057617,0.04661775007843971
concrete_compressive_strength,1.7125129699707031,0.8948153853416443
concrete_compressive_strength,3.239015579223633,0.056790925562381744
concrete_compressive_strength,10.907440185546875,0.05023391172289848
concrete_compressive_strength,11.437851905822754,0.07539376616477966
concrete_compressive_strength,0.5983200073242188,0.19651584327220917
concrete_compressive_strength,15.3424072265625,0.10604184120893478
concrete_compressive_strength,7.8598785400390625,0.05943210795521736
concrete_compressive_strength,0.06876945495605469,0.05363062396645546
concrete_compressive_strength,14.617597579956055,0.08263146877288818
concrete_compressive_strength,12.875679016113281,0.07197017967700958
concrete_compressive_strength,2.7339096069335938,1.0234968662261963
concrete_compressive_strength,1.698587417602539,0.4490679204463959
concrete_compressive_strength,8.123893737792969,0.1336897313594818
concrete_compressive_strength,6.509387969970703,0.10033978521823883
concrete_compressive_strength,1.2111930847167969,0.037155430763959885
concrete_compressive_strength,12.318290710449219,0.6202988028526306
concrete_compressive_strength,12.156815528869629,0.5434765815734863
concrete_compressive_strength,14.477195739746094,0.18051382899284363
concrete_compressive_strength,4.287441253662109,0.33318185806274414
concrete_compressive_strength,19.96109390258789,0.042739138007164
concrete_compressive_strength,22.378986358642578,1.9241899251937866
concrete_compressive_strength,7.803325653076172,1.0546834468841553
concrete_compressive_strength,4.095043182373047,0.13119056820869446
concrete_compressive_strength,1.7181358337402344,0.05669607222080231
concrete_compressive_strength,9.932535171508789,0.21832261979579926
concrete_compressive_strength,2.316143035888672,0.055948399007320404
concrete_compressive_strength,7.157196044921875,0.09624883532524109
concrete_compressive_strength,4.807807922363281,0.059975460171699524
concrete_compressive_strength,17.254112243652344,0.4813131093978882
concrete_compressive_strength,14.319618225097656,1.591646671295166
concrete_compressive_strength,16.581092834472656,0.09740564227104187
concrete_compressive_strength,5.172939300537109,0.2538796663284302
concrete_compressive_strength,0.437713623046875,0.6973028182983398
concrete_compressive_strength,16.045185089111328,0.5450978875160217
concrete_compressive_strength,11.235389709472656,0.07468269020318985
concrete_compressive_strength,4.180170059204102,0.29410725831985474
concrete_compressive_strength,7.789661407470703,0.022260135039687157
concrete_compressive_strength,1.4994239807128906,0.5138430595397949
concrete_compressive_strength,0.0392608642578125,0.021300487220287323
concrete_compressive_strength,17.127687454223633,1.8772329092025757
concrete_compressive_strength,0.4169902801513672,0.028074834495782852
concrete_compressive_strength,8.121339797973633,1.0620310306549072
concrete_compressive_strength,8.388614654541016,1.057492733001709
concrete_compressive_strength,11.999247550964355,0.1837744265794754
concrete_compressive_strength,7.61724853515625,0.08470527827739716
concrete_compressive_strength,7.3098907470703125,1.1040068864822388
concrete_compressive_strength,2.5224380493164062,0.026511453092098236
concrete_compressive_strength,13.116153717041016,0.5312376618385315
concrete_compressive_strength,3.896228790283203,0.1465994268655777
concrete_compressive_strength,1.7489662170410156,1.9938584566116333
concrete_compressive_strength,2.5860061645507812,0.045908935368061066
concrete_compressive_strength,1.9804954528808594,0.2405892014503479
concrete_compressive_strength,0.8084564208984375,0.04647938534617424
concrete_compressive_strength,4.902032852172852,0.11649680882692337
concrete_compressive_strength,1.0668582916259766,0.09063860774040222
concrete_compressive_strength,4.634647369384766,0.06025771424174309
concrete_compressive_strength,16.104766845703125,0.6334892511367798
concrete_compressive_strength,6.073925018310547,0.6649637222290039
concrete_compressive_strength,10.775511741638184,0.3263438940048218
concrete_compressive_strength,9.184347152709961,0.3774140775203705
concrete_compressive_strength,2.660189628601074,0.30037590861320496
concrete_compressive_strength,12.845619201660156,1.0566961765289307
concrete_compressive_strength,10.365262031555176,0.5722711086273193
concrete_compressive_strength,0.7438926696777344,0.03233541548252106
concrete_compressive_strength,5.398838043212891,0.3218431770801544
concrete_compressive_strength,9.905536651611328,0.14032162725925446
concrete_compressive_strength,23.716217041015625,1.7096469402313232
concrete_compressive_strength,8.146980285644531,0.0319347158074379
concrete_compressive_strength,7.766376495361328,0.7071352005004883
concrete_compressive_strength,5.374412536621094,0.11937671899795532
concrete_compressive_strength,14.691619873046875,1.60170578956604
concrete_compressive_strength,1.6634416580200195,0.18103139102458954
concrete_compressive_strength,6.008190155029297,0.09210067242383957
concrete_compressive_strength,9.705392837524414,1.092576265335083
concrete_compressive_strength,10.503231048583984,0.03704149276018143
concrete_compressive_strength,15.763042449951172,0.02371755614876747
concrete_compressive_strength,16.231525421142578,0.23063534498214722
concrete_compressive_strength,0.5593223571777344,0.6791692972183228
concrete_compressive_strength,5.565204620361328,0.561487078666687
concrete_compressive_strength,11.08608627319336,0.039009541273117065
concrete_compressive_strength,14.010648727416992,0.24963624775409698
concrete_compressive_strength,21.22751235961914,0.352031946182251
concrete_compressive_strength,0.7527523040771484,0.05446851626038551
concrete_compressive_strength,1.63458251953125,0.03001679852604866
concrete_compressive_strength,4.153282165527344,0.0928969532251358
concrete_compressive_strength,5.328594207763672,0.7709572911262512
concrete_compressive_strength,8.655487060546875,0.3529946804046631
concrete_compressive_strength,13.074337005615234,0.06031909957528114
concrete_compressive_strength,12.130592346191406,0.33942773938179016
concrete_compressive_strength,16.95142364501953,1.735687255859375
concrete_compressive_strength,6.316566467285156,0.07832691818475723
concrete_compressive_strength,5.260808944702148,0.36565926671028137
concrete_compressive_strength,3.060626983642578,0.9854146838188171
concrete_compressive_strength,22.094615936279297,1.916266918182373
concrete_compressive_strength,10.06915283203125,0.02317865751683712
concrete_compressive_strength,16.74530792236328,0.21947325766086578
concrete_compressive_strength,11.584362030029297,0.024806445464491844
concrete_compressive_strength,3.885601043701172,0.9966740608215332
concrete_compressive_strength,1.1346893310546875,0.04383116215467453
concrete_compressive_strength,28.05813217163086,0.2932031452655792
concrete_compressive_strength,0.06231498718261719,0.1258113980293274
concrete_compressive_strength,6.148384094238281,0.03960663452744484
concrete_compressive_strength,1.4923439025878906,0.31968358159065247
concrete_compressive_strength,4.750335693359375,0.06477310508489609
concrete_compressive_strength,1.8413200378417969,0.3388783931732178
concrete_compressive_strength,13.014009475708008,0.0590813122689724
concrete_compressive_strength,0.13303756713867188,0.05614567548036575
concrete_compressive_strength,15.162151336669922,1.2124360799789429
concrete_compressive_strength,10.304010391235352,0.5366293787956238
concrete_compressive_strength,6.525016784667969,0.07097317278385162
concrete_compressive_strength,1.197174072265625,1.4382539987564087
concrete_compressive_strength,12.44472885131836,0.19911588728427887
concrete_compressive_strength,2.23486328125,0.09666414558887482
concrete_compressive_strength,0.2855663299560547,1.1268237829208374
concrete_compressive_strength,26.366092681884766,0.20927128195762634
concrete_compressive_strength,22.840866088867188,0.2523707449436188
concrete_compressive_strength,6.387081146240234,0.07409480214118958
