task_id,dataset_name,n_samples,n_features,n_folds,vspyct_mse_mean,vspyct_mse_std,vspyct_rmse_mean,vspyct_rmse_std,vspyct_mae_mean,vspyct_mae_std,vspyct_r2_mean,vspyct_r2_std,vspyct_train_time_mean,vspyct_train_time_std,vspyct_pred_time_mean,vspyct_pred_time_std,vspyct_num_nodes_mean,vspyct_num_nodes_std,vspyct_gp_mse_mean,vspyct_gp_mse_std,vspyct_gp_rmse_mean,vspyct_gp_rmse_std,vspyct_gp_mae_mean,vspyct_gp_mae_std,vspyct_gp_r2_mean,vspyct_gp_r2_std,vspyct_gp_mean_uncertainty_mean,vspyct_gp_mean_uncertainty_std,vspyct_gp_std_uncertainty_mean,vspyct_gp_std_uncertainty_std,vspyct_gp_train_time_mean,vspyct_gp_train_time_std,vspyct_gp_pred_time_mean,vspyct_gp_pred_time_std,vspyct_gp_num_nodes_mean,vspyct_gp_num_nodes_std,vspyct_gp_best_kernel,y_mean,y_mean_abs,vspyct_rrmse_pct,vspyct_gp_rrmse_pct
361269,health_insurance,22272,18,1,225.4802398681641,0.0,15.015999794006348,0.0,11.870348930358888,0.0,0.3587877107223834,0.0,16.844122171401978,0.0,0.8545646667480469,0.0,63.0,0.0,222.06887817382807,0.0,14.901975631713867,0.0,11.68483829498291,0.0,0.3684887696609239,0.0,0.091999277472496,0.0,0.5673797130584717,0.0,33.6468939781189,0.0,1.6070551872253418,0.0,63.0,0.0,rbf,25.566810607910156,25.566810607910156,58.732393431038766,58.28640834497879
361253,wave_energy,72000,48,1,777899200.0,0.0,27890.84375,0.0,15386.044921875,0.0,0.9380684310781442,0.0,49.186872720718384,0.0,2.4004223346710205,0.0,63.0,0.0,631989632.0,0.0,25139.404296875,0.0,12955.0654296875,0.0,0.9496848490316016,0.0,9265482.0,0.0,73951424.0,0.0,139.27108120918274,0.0,6.848466873168945,0.0,63.0,0.0,linear_rbf,3760135.25,3760135.25,0.7417510779698683,0.6685771288911748
361267,brazilian_houses,10692,45,1,40667136.0,0.0,6377.0791015625,0.0,2202.55419921875,0.0,-0.2376222010655648,0.0,10.799153089523315,0.0,0.4045889377593994,0.0,35.0,0.0,17935024.0,0.0,4234.97607421875,0.0,2140.1787109375,0.0,0.4541836994051966,0.0,1175919.375,0.0,24142740.0,0.0,20.21246886253357,0.0,0.8327910900115967,0.0,43.0,0.0,rbf,5490.4873046875,5490.4873046875,116.14777974476095,77.13297270723388
361261,cps88wages,28155,8,1,126092.6875,0.0,355.0953369140625,0.0,228.01914978027344,0.0,0.2944369524783705,0.0,8.273640871047974,0.0,1.078028678894043,0.0,61.0,0.0,126705.9609375,0.0,355.9577941894531,0.0,228.46192932128903,0.0,0.2910054028947152,0.0,5809.61767578125,0.0,19324.45703125,0.0,27.83788800239563,0.0,2.2394020557403564,0.0,61.0,0.0,linear_rbf,603.726806640625,603.726806640625,58.817222128988035,58.96007768317316
361255,california_housing,20640,8,1,4803758592.0,0.0,69309.1484375,0.0,50157.2578125,0.0,0.6395176354969069,0.0,12.001157760620115,0.0,0.8293519020080566,0.0,57.0,0.0,4724713984.0,0.0,68736.5546875,0.0,50229.95703125,0.0,0.6454492458258658,0.0,7913704.0,0.0,29926300.0,0.0,22.02251982688904,0.0,1.6715471744537354,0.0,57.0,0.0,linear_rbf,206855.8125,206855.8125,33.506019289402374,33.229211138314035
361617,energy_efficiency,768,8,3,11.90383243560791,2.7070274353027344,3.4275436401367188,0.3946860134601593,2.521068811416626,0.3562329113483429,0.8832350551394198,0.0241085103952885,4.18687105178833,2.2934222358158105,0.1024928887685139,0.0348318614426692,27.0,9.797958971132712,8.421512603759766,1.261378526687622,2.8935203552246094,0.2214764356613159,2.0684971809387207,0.2200216650962829,0.917320799320916,0.0098598105934629,0.1060312278568744,0.0394815747235372,0.1275556410352389,0.0627498289817294,8.550767342249552,2.4917424904985617,0.2148887316385904,0.0449240527912024,33.0,4.898979485566356,rbf,22.30719566345215,22.30719566345215,15.365192881471726,12.971242099988928
361259,pumadyn32nh,8192,32,10,0.0009545914945192,0.0001316293346462,0.0308278556913137,0.0020578403491526,0.0244132187217474,0.001693530823104,0.2608252738911605,0.0965261419845003,40.22838129997253,26.31028747910908,0.2796870946884155,0.0030906013746469,63.0,0.0,0.0009459287975914,9.879181016003712e-05,0.0307145062834024,0.0015962600009515,0.0242123361676931,0.0012100259773433,0.2679072447156435,0.0687707761371683,1.0244961640637484e-05,3.634486334410727e-06,9.170040902972688e-06,5.054728329395019e-06,76.27558062076568,98.71376311900116,0.5246432304382325,0.0352544704226748,63.0,0.0,rbf,-0.00041586230508983135,0.02850707247853279,108.14107872538847,107.74346017652958
361252,video_transcoding,68784,22,1,61.98012161254883,0.0,7.872745513916016,0.0,3.155997037887573,0.0,0.7622049515653712,0.0,21.72876477241516,0.0,2.3928041458129883,0.0,63.0,0.0,51.34342956542969,0.0,7.165432929992676,0.0,2.845833301544189,0.0,0.803014065931924,0.0,0.2567431032657623,0.0,1.2967219352722168,0.0,2006.507827043533,0.0,15.195820093154907,0.0,63.0,0.0,rbf,9.996354103088379,9.996354103088379,78.7561688264297,71.6804632578883
361247,naval_propulsion_plant,11934,14,1,0.0001070553698809,0.0,0.0103467563167214,0.0,0.0080594606697559,0.0,0.5043490797046805,0.0,21.909597873687744,0.0,0.4776980876922607,0.0,43.0,0.0,7.710863428656012e-05,0.0,0.0087811518460512,0.0,0.0069164535962045,0.0,0.6429981310526844,0.0,1.3966761081007917e-08,0.0,6.332469837389e-08,0.0,29.21113610267639,0.0,0.914762020111084,0.0,39.0,0.0,rbf,0.9750000238418579,0.9750000238418579,1.0612057501241263,0.9006309365460566
361256,cpu_activity,8192,21,10,29.972314834594727,9.905055046081545,5.39232349395752,0.946132242679596,2.9012410640716557,0.1957117319107055,0.90761615183366,0.0391459115605343,15.099609565734864,1.8430824348230173,0.2183554887771606,0.0135147590041001,44.6,3.878143885933063,31.03317642211914,9.910958290100098,5.503846645355225,0.860724925994873,2.9993035793304443,0.251415342092514,0.9057749225623152,0.0321059652692581,0.184346853941679,0.0834538998866425,1.4302581042051314,0.8180260290574703,19.86603188514709,2.653329315977352,0.5202087879180908,0.0424380091313552,43.4,4.176122603564219,linear_rbf,83.9688720703125,83.9688720703125,6.421812465745859,6.554627339458011
361249,white_wine,4898,11,10,0.5345287919044495,0.0374574661254882,0.7306813597679138,0.0251680482178926,0.5709775686264038,0.0198754668235778,0.3167446182731914,0.0343741574788034,23.40856444835663,1.9072873847778693,0.2333678722381592,0.0099589074770746,59.0,2.5298221281347035,0.5499171614646912,0.0272870641201734,0.7413408160209656,0.0181934963911771,0.5773485898971558,0.0157149098813533,0.2965278135982679,0.0298855752516652,0.0012005989439785,0.0005562542806187,0.0036781381699256,0.0019531928459169,25.126149678230284,4.0222578032732725,0.4052629232406616,0.0404157652841543,58.4,2.8354893757515653,rbf,5.877909183502197,5.877909183502197,12.43097395616032,12.612321709592273
361622,cars,804,17,3,14328296.0,3334512.5,3759.553955078125,440.5127868652344,2434.753662109375,239.2592010498047,0.8529029801191584,0.0301218024425813,7.078126589457194,0.740580278598202,0.1145405769348144,0.0085268358484419,29.666666666666668,2.494438257849294,13139969.0,1313236.625,3620.255615234375,183.6262664794922,2348.371337890625,118.85028839111328,0.8640917543864807,0.0179208903383794,125123.62760416669,16940.253547685188,317663.7604166667,66683.6701826336,7.510487159093221,1.2221145889201763,0.2004613081614176,0.0123994566307917,32.333333333333336,2.494438257849294,rbf,21343.14453125,21343.14453125,17.61480811589641,16.962147306521324
361234,abalone,4177,9,10,5.2680253982543945,0.7236455082893372,2.2898194789886475,0.1573258489370346,1.6449899673461914,0.0883750841021537,0.4892256563691686,0.0419217816498203,14.249332809448244,4.668304787813064,0.1694591760635376,0.0299018417075421,42.4,8.856635930193812,5.319220542907715,0.6905124187469482,2.301578521728516,0.1481787264347076,1.6416774988174438,0.0803271234035492,0.4846336192891039,0.027097041107682,0.0145769281312823,0.0078897307180358,0.0546452119946479,0.0225424262220655,19.818682289123537,5.389586816839781,0.3364556550979614,0.0471838682395685,48.6,6.3118935352238,rbf,9.933684349060059,9.933684349060059,23.05105939072157,23.169434832568392
361241,physiochemical_protein,45730,9,1,25.2915153503418,0.0,5.029067039489746,0.0,4.136578559875488,0.0,0.32663565421198,0.0,21.44477605819702,0.0,1.5840997695922852,0.0,59.0,0.0,25.15583038330078,0.0,5.01555871963501,0.0,4.08106803894043,0.0,0.3302481410843944,0.0,0.033793281763792,0.0,1.0232491493225098,0.0,80.79626989364624,0.0,4.438937187194824,0.0,63.0,0.0,linear_rbf,7.748528003692627,7.748528003692627,64.90351505593193,64.72918104244836
361257,diamonds,53940,23,1,878810.0,0.0,937.4486694335938,0.0,494.1693115234375,0.0,0.9437121622197034,0.0,34.78493118286133,0.0,1.887136936187744,0.0,63.0,0.0,1200637.25,0.0,1095.7359619140625,0.0,568.7139892578125,0.0,0.9230991222706134,0.0,1745.649658203125,0.0,11447.7099609375,0.0,101.68318009376526,0.0,6.472851991653442,0.0,63.0,0.0,rbf,3932.7998046875,3932.7998046875,23.83667402333192,27.861473157318002
361272,fifa,19178,189,1,189670192.0,0.0,13772.080078125,0.0,5122.92578125,0.0,0.5295594914716624,0.0,29.1805419921875,0.0,0.8730509281158447,0.0,63.0,0.0,160712656.0,0.0,12677.25,0.0,4774.16455078125,0.0,0.601383068787287,0.0,1374081.625,0.0,8495693.0,0.0,40.53610610961914,0.0,1.7689437866210938,0.0,63.0,0.0,rbf,9017.990234375,9017.990234375,152.7178420046214,140.57733120708585
361242,superconductivity,21263,81,1,223.07711791992188,0.0,14.935766220092772,0.0,9.84812068939209,0.0,0.8081811651441804,0.0,18.11637020111084,0.0,0.8626749515533447,0.0,59.0,0.0,223.0272216796875,0.0,14.934096336364746,0.0,9.72848129272461,0.0,0.8082240610584804,0.0,2.3063673973083496,0.0,14.196233749389648,0.0,36.62615990638733,0.0,1.924941062927246,0.0,61.0,0.0,linear_rbf,34.42121887207031,34.42121887207031,43.39116018989028,43.3863088691563
361251,grid_stability,10000,12,10,0.0004229682381264,2.5012181140482426e-05,0.0205571055412292,0.0006112659466452,0.0161829032003879,0.0003837870899587,0.6892988143398014,0.0171376257312726,19.25956587791443,1.7207456324447474,0.2915500879287719,0.003625761407569,62.2,1.32664991614216,0.0003498398000374,1.922580850077793e-05,0.0186969991773366,0.0005118290428072,0.0147984866052865,0.000404395366786,0.7430774505880122,0.0116612657843028,1.6806412077130515e-06,3.2328218054246376e-07,1.6978235635178862e-06,4.980593085107045e-07,25.037424182891847,3.569975085026141,0.5755092144012451,0.0349496072628885,62.4,0.916515138991168,rbf,0.015730898827314377,0.03368489816784859,61.02766123499953,55.50558319687138
361235,airfoil_self_noise,1503,5,10,20.04044914245605,3.540338516235352,4.459124565124512,0.3957968354225158,3.485222578048706,0.3262362480163574,0.5720383292361296,0.0974232750667663,6.3009745359420775,1.1222909593611612,0.1475276231765747,0.0106560159666409,43.0,3.22490309931942,19.25921440124512,2.5790390968322754,4.378434181213379,0.2975472211837768,3.4108481407165527,0.200577512383461,0.5895226114654057,0.0784545832269438,0.1080611668527126,0.0507884070281971,0.1893145002424717,0.1195236753299944,8.019924688339234,1.6932428313853165,0.2512596130371093,0.0320560014508755,41.6,5.0635955604688645,rbf,124.83594512939453,124.83594512939453,3.5719876678968983,3.5073505284676294
361236,auction_verification,2043,14,10,20201180.0,9236091.0,4353.693359375,1116.482666015625,2187.707763671875,610.1393432617188,0.8058480992293455,0.0944484429044585,7.782110667228698,1.0103674648369545,0.1510071992874145,0.0198114012057768,42.4,5.936328831862332,11662888.0,2971696.25,3383.87158203125,460.7620239257813,1749.444091796875,239.16140747070312,0.8897921760800183,0.0222538656918803,172427.944921875,223224.89047531752,896021.54921875,939165.6143579026,10.504594111442566,1.8967369487720855,0.2917252779006958,0.0428378070215888,44.6,4.454211490264017,linear_rbf,7336.9443359375,7336.9443359375,59.33932656473798,46.12099297873255
